{
  "n_layers": 3,
  "first_size": 256,
  "architecture": "fixed_width",
  "use_skip": false,
  "dropout": 0.20038325731708032,
  "lr": 0.004155988266569057,
  "weight_decay": 0.00034555199588966195,
  "activation": "relu"
}