{
  "num_leaves": 385,
  "min_child_samples": 196,
  "learning_rate": 0.015404321338120126,
  "subsample": 0.8382602109481754,
  "colsample_bytree": 0.44664079004326346,
  "reg_alpha": 0.47727646580435407,
  "reg_lambda": 0.038954703270179
}