{
  "max_depth": 11,
  "learning_rate": 0.060569107261148294,
  "subsample": 0.963562990663023,
  "colsample_bytree": 0.458710247559887,
  "reg_alpha": 0.0001749829114512115,
  "reg_lambda": 6.253152209985337,
  "min_child_weight": 68.9594435425518,
  "gamma": 0.512204256328628
}