{
  "depth": 9,
  "learning_rate": 0.06039241217858556,
  "l2_leaf_reg": 2.429181470322677,
  "bagging_temperature": 0.10201019288008764,
  "random_strength": 0.010277946626179535,
  "min_data_in_leaf": 41
}