{
  "max_depth": 12,
  "learning_rate": 0.013170418766486626,
  "subsample": 0.6698130436348114,
  "colsample_bytree": 0.6933759427313816,
  "reg_alpha": 1.6751420206017669,
  "reg_lambda": 3.521044799895238e-06,
  "min_child_weight": 6.817372654009985,
  "gamma": 1.6445115832732133
}