{
  "n_layers": 4,
  "first_size": 1024,
  "shrink": 0.6667927450477253,
  "dropout": 0.3532791766934781,
  "lr": 0.004825204145606581,
  "weight_decay": 0.0019524563202987584,
  "activation": "relu"
}