{
  "depth": 7,
  "learning_rate": 0.10081379955566934,
  "l2_leaf_reg": 2.5542465375266046,
  "bagging_temperature": 0.0068038400952401545,
  "random_strength": 5.12699019630377,
  "min_data_in_leaf": 90
}